<?xml version="1.0" encoding="UTF-8"?>
<install type="component" version="1.5.0" method="upgrade">
	<name>JEvents</name>
	<creationDate>October 2009</creationDate>
	<author>GWE Systems Ltd</author>
	<copyright>(C) 2009 GWE Systems Ltd, 2006-2008 JEvents Project Group</copyright>	  
	<license>http://www.gnu.org/copyleft/gpl.html GNU/GPL</license>	  
	<authorEmail></authorEmail>
	<authorUrl>http://www.jevents.net</authorUrl>
	<version>1.5.3 (B1629)</version>
	<description>Events, meetings and more</description>
	
	<installfile>install/install.php</installfile>
	
    <files folder="site">
	    <folder>assets</folder>
	    <folder>controllers</folder>
		<folder>help</folder>
		<folder>helpers</folder>
		<folder>libraries</folder>
		<folder>views/alternative</folder>
		<folder>views/crawler</folder>
		<folder>views/default</folder>
		<folder>views/ext</folder>
		<folder>views/geraint</folder>
		<folder>views/icalevent</folder>
		<folder>views/icalrepeat</folder>
		<folder>views/cat</folder>
		<folder>views/day</folder>
		<folder>views/icals</folder>
		<folder>views/month</folder>
		<folder>views/range</folder>
		<folder>views/search</folder>
		<folder>views/week</folder>
		<folder>views/year</folder>
		<filename>index.html</filename>
		<filename>jevents.defines.php</filename>
		<filename>jevents.php</filename>
		<filename>mod.defines.php</filename>
		<filename>router.php</filename>
    </files>
    
	<languages folder="site/language">
		<language tag="en-GB">en-GB.com_jevents.ini</language>
		<language tag="de-DE">de-DE.com_jevents.ini</language>
   	</languages>
	<media />

	<administration>
		<menu>JEvents MVC</menu>

	    <files folder="admin">
		    <folder>assets</folder>
		    <folder>controllers</folder>
		    <folder>elements</folder>
			<folder>help</folder>
			<folder>install</folder>
			<folder>libraries</folder>
			<folder>models</folder>
			<folder>tables</folder>
			<folder>views</folder>
			<filename>config.xml</filename>
			<filename>index.html</filename>
			<filename>jevents.php</filename>
			<filename>jevents.defines.php</filename>
	    </files>

		<!-- Admin Language Files -->
		<languages folder="admin/language">
			<language tag="en-GB">en-GB.com_jevents.ini</language>
			<language tag="en-GB">en-GB.com_jevents.menu.ini</language>
			<language tag="de-DE">de-DE.com_jevents.ini</language>
    	</languages>
 	</administration>

	<params />

</install>