<?xml version="1.0" encoding="utf-8"?>
<install type="module" version="1.5.0">
	<name>GAnalytics Statistics</name>
	<author>Allon Moritz</author>
	<creationDate>Jan 2010</creationDate>
	<copyright>This module is released under the GNU/GPL License.
	</copyright>
	<license>http://www.gnu.org/copyleft/gpl.html
		GNU/GPL</license>
	<authorEmail>info@g4j.laoneo.net
	</authorEmail>
	<authorUrl>g4j.laoneo.net</authorUrl>
	<version>0.6.1</version>
	<description>This module shows some different kind of statistics data
		from google analytics.</description>
	<files>
		<filename module="mod_ganalytics_stats">mod_ganalytics_stats.php
		</filename>
		<filename>index.html</filename>
		<filename>helper.php</filename>
		<folder>tmpl</folder>
	</files>
	<languages>
		<language tag="en-GB">languages/en-GB.mod_ganalytics_stats.ini
		</language>
	</languages>
	<params addpath="/administrator/components/com_ganalytics/elements">
		<param name="accountids" type="ganalytics" default="" class="single"
			label="Select Profiles" description="The profiles" />
		<param name="type" type="list" default="visitsbytraffic" label="Data"
			description="The data collection which should be shown.">
			<option value="visits">Visits by date</option>
			<option value="visitsbytraffic">Visits by traffic source</option>
			<option value="visitsbybrowser">Visits by browser (including mobile phones)
			</option>
			<option value="visitsbycountry">Visits by country</option>
			<option value="timeonsite">Time on site by region</option>
			<option value="toppages">Top pages by pageviews</option>
		</param>
		<param name="daterange" type="list" default="month" label="Date Range"
			description="The date range of the data, if the advanced value is choosen then the start and end date from the advanced parameter section is set as start date.">
			<option value="day">Day</option>
			<option value="week">Week</option>
			<option value="month">Month</option>
			<option value="year">Year</option>
			<option value="advanced">Advanced</option>
		</param>
		<param name="max" type="text" default="10" label="Max Result"
			size="3"
			description="The maximum number of result (handle this carefully if it is too large the image can not be displayed!)." />
		<param name="@spacer" type="spacer" default="" label=""
			description="" />
		<param name="titleFormat" type="textarea2" default=""
			label="Title Format" description="Here you can customize the appearance of the title"
			rows="3" cols="50">
			<content>&lt;p&gt;{startdate} {dateseparator} {endate} &lt;br/&gt; Dimension: {dimension} &lt;br/&gt; Metric: {metric}&lt;/p&gt;</content>
			<description>
				Here you can modify the title. The following
				attributes
				are provided:&lt;br&gt;
				{accountname},
				{profilename},
				{startdate},
				{dateseparator}, {endate},
				{dimension}, {metric}
				</description>
		</param>
		<param name="dateFormat" type="text" size="80" default="%d.%m.%Y"
			label="Date Format"
			description="The format of the date(s) (see http://www.php.net/strftime for details)." />
		<param name="pagination" type="radio" default="yes" label="Show Pagination"
			description="Trim the list to 10 rows and make it navigatable.">
			<option value="yes">Yes</option>
			<option value="no">No</option>
		</param>
		<param name="width" type="text" default="120px" label="Width"
			size="5" description="The width (for images only: width x height &lt; 30000!)." />
		<param name="height" type="text" default="200px" label="Height"
			size="5" description="The height (for images only: height x width &lt; 30000!)." />
		<param name="@spacer1" type="spacer" default="" label=""
			description="" />
		<param name="moduleclass_sfx" type="text" size="80" default=""
			label="Module Class Suffix" description="PARAMMODULECLASSSUFFIX" />
	</params>
	<params group="advanced">
		<param name="startdate" type="calendar" default="" label="Start Date"
			description="If the date range parameter is set to advanced, the data will be displayed started by this date."
			format="%Y-%m-%d" />
		<param name="enddate" type="calendar" default="" label="End Date"
			description="If the date range parameter is set to advanced, the data will be displayed end by this date (if it is empty the actual day will be used)."
			format="%Y-%m-%d" />
	</params>
</install>
