<?xml version="1.0" encoding="utf-8"?>
<install type="module" version="1.5" client="administrator">
	<name>Easy Search Quick Icon</name>
    <author>Hiro Nozu</author>
    <creationDate>October 2009</creationDate>
    <copyright>2009 Hiro Nozu - All rights reserved.</copyright>
    <license>http://www.gnu.org/licenses/gpl-2.0.html GNU/GPL</license>
    <authorEmail>support@easysearch.forjoomla.net</authorEmail>
    <authorUrl>http://easysearch.forjoomla.net/</authorUrl>
	<version>0.0.2</version>
	<description>This module shows Quick Icon for Easy Search</description>
	<files>
		<filename module="mod_esqicon">mod_esqicon.php</filename>
		<filename>index.html</filename>
		<filename>icon-48-easysearch.png</filename>
	</files>
	<params>
		<param name="cache" type="list" default="1" label="Caching" description="Select whether to cache the content of this module">
			<option value="1">Use global</option>
			<option value="0">No caching</option>
		</param>
	</params>
</install>
